collectedBy,organization,type,university,city,state,latitude,longitude,totalMembers,paddles(y/n),website,instagram
Carlo,Alpha Kappa Delta Phi,Sorority,University of Houston,Houston,TX,29.7199,-95.3422,419,y,http://www.akdphi.org/chapters,https://www.instagram.com/p/BbFbhlkgRBJ/?hl=en
Carlo,Alpha Kappa Delta Phi,Sorority,University of Illinois at Urbana-Champaign,Naperville,IL,40.102,-88.2272,164,y,https://www.uiucakdphi.org/,https://www.instagram.com/uiucakdphi/?hl=en
Carlo,Alpha Kappa Delta Phi,Sorority,University of Illinois at Chicago,Chicago,IL,41.8698,-87.6496,179,n,https://uicakdphi.wixsite.com/uicakdphi,https://www.instagram.com/uicakdphi/
Carlo,Alpha Kappa Delta Phi,Sorority,"University of Maryland, College Park",College Park,MD,38.9869,-76.9426,96,n,0,0
Carlo,Alpha Kappa Delta Phi,Sorority,Northern Illinois University,DeKalb,IL,41.9342,-88.7741,34,n,https://www.niuakdphi.org/,https://www.instagram.com/niuakdphi/
Carlo,Alpha Kappa Delta Phi,Sorority,San Francisco State University,San Francisco,CA,37.7241,-122.4799,22,y,https://sfsuakdphiwebmistr.wixsite.com/sfsuakdphi,https://www.instagram.com/sfsu_akdphi/?hl=en
Carlo,Alpha Kappa Delta Phi,Sorority,Carnegie Mellon University,Pittsburgh,PA,40.4427,-79.943,0,n,0,https://www.instagram.com/cmu_akdphi/?hl=en
Carlo,Alpha Kappa Delta Phi,Sorority,Syracuse University,Syracuse,NY,43.0392,-76.1351,0,n,0,https://www.instagram.com/akdphi/?hl=en
Carlo,Alpha Kappa Delta Phi,Sorority,"University of Maryland, Baltimore County",Baltimore,MD,39.2557,-76.711,96,n,https://www.umbcakdphi.com/,https://www.instagram.com/umbcakdphi/?hl=en
Carlo,Alpha Kappa Delta Phi,Sorority,St John's University Queens Campus,Queens,NY,40.7221,-73.7942,72,n,https://sjuakdphi.wixsite.com/sjuakdphi,https://www.instagram.com/sjuakdphi/?hl=en
Carlo,Alpha Kappa Delta Phi,Sorority,California State University San Marcos,San Marcos,CA,33.1295,-117.1596,65,n,http://www.akdphicsusm.com/,https://www.instagram.com/csusmakdphi/
Carlo,Alpha Kappa Delta Phi,Sorority,Virginia Polytechnic Institute and State University,Blacksburg,VA,37.2284,-80.4234,103,y,http://www.akdphi.org.vt.edu/,0
Carlo,Alpha Kappa Delta Phi,Sorority,George Mason University,Fairfax,VA,38.8298,-77.3074,32,y,https://gmuakdphi.wixsite.com/home,https://www.instagram.com/gmuakdphi/?hl=en
Carlo,Alpha Kappa Delta Phi,Sorority,University of California Santa Cruz,Santa Cruz,CA,36.9881,-122.0582,298,n,https://ucscakdphi.wixsite.com/home/meet-the-sisters,https://www.instagram.com/ucsc_akdphi/
Carlo,Alpha Kappa Delta Phi,Sorority,Purdue University,West Lafayette,IN,40.4237,-86.9212,137,y,https://purdueakdphi.wixsite.com/home,https://www.instagram.com/purdueakdphi/?hl=en
Carlo,Alpha Kappa Delta Phi,Sorority,The University of Texas at Arlington,Arlington,TX,32.7291,-97.1121,67,n,https://arlingtonakdphi.wixsite.com/home,https://www.instagram.com/arlington.akdphi/?hl=en
Carlo,Alpha Kappa Delta Phi,Sorority,The University of Texas at Austin,Austin,TX,30.2849,-97.7341,419,n,https://www.texasakdphi.com/,https://www.instagram.com/texasakdphi/
Carlo,Alpha Kappa Delta Phi,Sorority,Stanford University,Stanford,CA,37.4275,-122.1697,0,n,https://stanfordakdphi.weebly.com/,0
Carlo,Alpha Kappa Delta Phi,Sorority,University of Michigan,Ann Arbor,MI,42.278,-83.7382,243,n,http://www.akdphiatumich.org/index.html,https://www.instagram.com/umichakdphi/?hl=en
Carlo,Alpha Kappa Delta Phi,Sorority,Virginia Commonwealth University,Richmond,VA,37.5483,-77.4527,0,y,https://vcuakdphi.webs.com/,https://www.instagram.com/vcuakdphi/?hl=en
Carlo,Alpha Kappa Delta Phi,Sorority,"University of Maryland, College Park",College Park,MD,38.9869,-76.9426,141,y,https://www.umcpakdphi.com/,https://www.instagram.com/umbcakdphi/?hl=en
Carlo,Alpha Kappa Delta Phi,Sorority,University of Oklahoma,Norman,OK,35.2059,-97.4457,162,n,https://ouakdphi.wixsite.com/ouakdphi,https://www.instagram.com/ouakdphi/?hl=en
Carlo,Alpha Kappa Delta Phi,Sorority,Pennsylvania State University,State College,PA,40.7982,-77.8599,194,n,https://psuakdphi.wixsite.com/psuakdphi,0
Carlo,Alpha Kappa Delta Phi,Sorority,California Polytechnic State University,San Luis Obispo,CA,35.305,-120.6625,126,n,https://www.sloakdphi.com/,https://www.instagram.com/sloakdphi/
Carlo,Alpha Kappa Delta Phi,Sorority,Baruch College,New York City,NY,40.7404,-73.9832,67,n,https://arlingtonakdphi.wixsite.com/home/roster,https://www.instagram.com/arlington.akdphi/
Carlo,Alpha Kappa Delta Phi,Sorority,James Madison University,Harrisonburg,VA,38.4351,-78.8698,105,y,https://jmuweb.wixsite.com/jmuakdphi,https://www.instagram.com/jmuakdphi/
Carlo,Alpha Kappa Delta Phi,Sorority,University of Washington,Seattle,WA,47.655548,-122.3032,148,n,https://uwakdphi.weebly.com/,https://www.instagram.com/uw_akdphi/?hl=en
Carlo,Alpha Kappa Delta Phi,Sorority,Univeristy of Iowa,Iowa City,IA,41.6627,-91.5549,55,n,https://uiowaakdphi.wixsite.com/universityofiowa,https://www.instagram.com/uiowa.akdphi/?hl=en
Carlo,Alpha Kappa Delta Phi,Sorority,Rutgers University,New Brunswick,NJ,40.5008,-74.4474,178,y,http://www.rutgersakdphi.com/,https://www.instagram.com/ruakdphi/?hl=en
Carlo,Alpha Kappa Delta Phi,Sorority,Michigan State University,East Lansing,MI,42.7018,-84.4822,120,y,https://www.instagram.com/msuakdphi/?hl=en,https://www.instagram.com/msuakdphi/?hl=en
Carlo,Alpha Kappa Delta Phi,Sorority,Stony Brook University,Stony Brook,NY,40.9124,-73.1234,181,n,https://stonyakdphi.wixsite.com/alphagamma/roster,https://www.instagram.com/stonyakdphi/?hl=en
Carlo,Alpha Kappa Delta Phi,Sorority,Duke University,Durham,NC,36.0014,-78.9382,110,n,http://www.dukeakdphi.com/,https://www.instagram.com/dukeakdphi/?hl=en
Carlo,Alpha Kappa Delta Phi,Sorority,New York University,New York City,NY,40.7295,-73.9965,62,y,https://baruchkdphi.wixsite.com/default,https://www.instagram.com/nyuakdphi/?hl=en
Carlo,Alpha Kappa Delta Phi,Sorority,University of South Florida,Tampa,FL,28.0587,-82.4139,134,n,https://www.usfakdphi.org/,https://www.instagram.com/usf_akdphi/?hl=en
Carlo,Alpha Kappa Delta Phi,Sorority,John Hopkins University,Baltimore,MD,39.3299,-76.6205,109,n,https://jhuakdphi.weebly.com/full-roster.html,https://www.instagram.com/jhuakdphi/?hl=en
Carlo,Alpha Kappa Delta Phi,Sorority,University of Florida,Gainesville,FL,28.0587,-82.4139,176,y,http://ufakdphi.com/,https://www.instagram.com/ufakdphi/?hl=en
Carlo,Alpha Kappa Delta Phi,Sorority,Binghamton University,Binghamton,NY,42.0893,-75.9699,123,y,https://bingakdphi.wixsite.com/associate/roster,https://www.instagram.com/bingakdphi/?hl=en
Carlo,Alpha Kappa Delta Phi,Sorority,University of Wisconson-Madison,Madison,WI,43.0766,-89.4125,114,y,https://www.wisconsinakdphi.org/,https://www.instagram.com/wisconsinakdphi/?hl=en
Carlo,Alpha Kappa Delta Phi,Sorority,Boston University,Boston,MA,42.3505,-71.1054,131,n,https://buakdphi.wixsite.com/bu-akdphi,https://www.instagram.com/bostonakdphi/?hl=en
Carlo,Alpha Kappa Delta Phi,Sorority,University of North Carolina,Chapel Hill,NC,35.9049,-79.0469,143,n,0,0
Carlo,Alpha Kappa Delta Phi,Sorority,Florida State University,Tampa,FL,30.4419,-84.2985,128,n,0,0
Carlo,Alpha Kappa Delta Phi,Sorority,"University of California, Davis",Davis,CA,38.5382,-121.7617,0,y,https://ucdakdphi.wixsite.com/beta,https://www.instagram.com/davisakdphi/?hl=en
Carlo,Alpha Kappa Delta Phi,Sorority,University of Virginia,Charlottesville,VA,38.0336,-78.508,184,n,0,https://www.instagram.com/uvakdphi/?hl=en
Carlo,Alpha Kappa Delta Phi,Sorority,Cornell University,Ithaca,NY,42.4534,-76.4735,245,n,https://www.cornellakdphi.com/,https://www.instagram.com/cornellakdphi/?hl=en
Carlo,Alpha Kappa Delta Phi,Sorority,University of Pennsylvania,Philadelphia,PA,39.9522,-75.1932°,175,y,http://www.upennakdphi.org/,https://www.instagram.com/upennakdphi/?hl=en
Carlo,Alpha Kappa Delta Phi,Sorority,"University of California, Irvine",Irvine,CA,33.6405,-117.8443,286,y,https://irvineakdphi.wixsite.com/bleedpurple,https://www.instagram.com/irvineakdphi/?hl=en
Carlo,Alpha Kappa Delta Phi,Sorority,"California State Univeristy, Sacramento",Sacramento,CA,38.5613,-121.4241,171,n,https://csus-akdphi.wixsite.com/muchapter/members-by-class,https://www.instagram.com/sacakdphi/?hl=en
Carlo,Alpha Kappa Delta Phi,Sorority,University at Buffalo,Buffalo,NY,43.0008,-78.789,157,y,https://ubakdphi.wixsite.com/rhochapter,https://www.instagram.com/buffaloakdphi/?hl=en
Carlo,Alpha Kappa Delta Phi,Sorority,San José State University,San José,CA,37.3352,-121.8811,0,y,https://sjsuakdphixi.wordpress.com/,https://www.instagram.com/sjsu_akdphi/?hl=en
Carlo,Alpha Phi Gamma,Sorority,Northern Illinois University,DeKalb,IL,41.9342,-88.7741,127,n,https://aphig-niu.wixsite.com/aphigniu,https://www.instagram.com/niualphaphi/?hl=en
Carlo,Alpha Phi Gamma,Sorority,North Carolina State University,Chapel Hill,NC,35.9049,-79.0469,76,n,https://www.ncsuaphig.com/,https://www.instagram.com/aphig_ncsu/
Carlo,Alpha Phi Gamma,Sorority,University of Illinois at Urbana-Champaign,Naperville,IL,40.102,-88.2272,23,n,0,https://www.instagram.com/aphig_uiuc/?hl=en
Carlo,Alpha Sigma Rho,Sorority,The University of Texas at Austin,Austin,TX,30.2849,-97.7341,0,y,0,https://www.instagram.com/texasasr/?hl=en
Carlo,Alpha Sigma Rho,Sorority,Texas Tech University,Lubbock,TX,33.5843,-101.8783,12,y,0,https://www.instagram.com/ttuasr/
Carlo,Beta Tau Omega,Fraternity,Texas A&M University,College Station,TX,30.6188,-96.3365,203,y,https://www.betatauomega.com/,https://www.instagram.com/betatauomega/?hl=en
Carlo,Chi Rho Omicron,Fraternity,California State University,Long Beach,CA,33.7838,-118.1141,131,n,0,https://www.instagram.com/xposf/?hl=en
Carlo,Chi Sigma Tau,Fraternity,Northern Illinois University,DeKalb,IL,41.9342,-88.7741,105,n,http://www.chisigmatau.com/,https://www.instagram.com/niu_chisigs/
Carlo,Chi Sigma Tau,Fraternity,University of Illinois at Urbana-Champaign,Naperville,IL,40.102,-88.2272,136,n,https://fsaffairs.illinois.edu/organizations/fraternities/ChiSigmaTau/,https://www.instagram.com/cst_uiuc/?hl=en
Carlo,Chi Upsilon Sigma,Sorority,University of Rochester,Rochester,NY,43.1306,-77.626,0,y,http://www.justbecus.org/,https://www.instagram.com/chiupsilonsigma/
Carlo,Chi Sigma Alpha,Sorority,Washington State University,Pullman,WA,46.7319,-117.1542,62,n,https://www.wsuchisigmaalpha.com/,https://www.instagram.com/wsuchisigs/?hl=en
Carlo,Delta Epsilon Psi,Fraternity,University of Georgia,Athens,GA,33.948,-83.3773,126,n,0,https://www.instagram.com/deltaepsilonpsi/?hl=en
Carlo,Delta Kappa Delta,Sorority,Texas A&M University,College Station,TX,30.6188,-96.3365,10,y,https://dkdalpha.wixsite.com/tamu,0
Carlo,Delta Phi Lambda,Fraternity,University of Iowa,Iowa City,IA,41.6627,-91.5549,51,n,https://dlp.org/gammagamma/,0
Carlo,Delta Phi Lambda,Fraternity,University of Cincinnati,Cincinnati,OH,39.1329,-84.515,121,n,https://dphilbetachapter.wixsite.com/ucdphil,https://www.instagram.com/ucdphil/?hl=en
Carlo,Delta Phi Lambda,Fraternity,Loyola University,Chicago,IL,41.9999,-87.6578,121,n,https://www.lucdphil.org/,https://www.instagram.com/lucdphil/?hl=en
Carlo,Delta Phi Lambda,Fraternity,University of Wisconson-Madison,Madison,WI,43.0766,-89.4125,21,n,https://www.madisondphil.org/,https://www.madisondphil.org/
Carlo,Delta Phi Lambda,Fraternity,University of West Florida,Pensacola,FL,30.5491,-87.2186,43,n,https://uwfdphil.weebly.com/,https://www.instagram.com/uwfdphil/?hl=en
Carlo,Delta Phi Lambda,Fraternity,Universit of Central Florida,Orlando,FL,28.6024,-81.2001,112,n,http://ucfdphil.weebly.com/,https://www.instagram.com/ucf_dphil/
Carlo,Delta Phi Omega,Sorority,University of Connecticut,Storrs-Mansfield,CT,41.8077,-72.254,15,n,https://dpouconn.wixsite.com/dpouconn,https://www.instagram.com/dpo_uconn/?hl=en
Carlo,Gamma Beta,Fraternity,Texas A&M University,College Station,TX,30.6188,-96.3365,160,y,https://www.tamugammabeta.com/,https://www.instagram.com/aggie_gb/?hl=en
Carlo,Gamma Beta,Fraternity,University of Houston,Houston,TX,29.7199,-95.3422,0,y,0,https://www.instagram.com/houstongammabeta/?hl=en
Carlo,Kappa Lambda Delta,Sorority,Texas Christian University,Fort Worth,TX,32.7096,-97.3636,68,n,https://www.kappalambdadelta.com/,https://www.instagram.com/kappalambdadelta/?hl=en
Carlo,Kappa Phi Lambda,Sorority,University of South Florida,Tampa,FL,30.4419,-84.2985,64,y,http://usfkpl.org/,https://www.instagram.com/usfkappas/?hl=en
Carlo,Kappa Phi Lambda,Sorority,University of Florida,Gainesville,FL,28.0587,-82.4139,166,n,http://www.ufkpl.org/,https://www.instagram.com/ufkappas/?hl=en
Carlo,Kappa Phi Lambda,Sorority,University of Massachusetts Amherst,Amherst,MA,42.3868,-72.5301,199,y,https://umasskappas.wixsite.com/umasskappas,https://www.instagram.com/umass.kappas/?hl=en
Carlo,Kappa Phi Lambda,Sorority,University of Denver,Denver,CO,39.6766,-104.9619,55,n,https://www.denverkpl.com/,https://www.instagram.com/denverkappas/?hl=en
Carlo,Kappa Phi Lambda,Sorority,North Carolina State University,Raleigh,NC,35.7847,-78.6821,94,y,https://ncsukpl.wixsite.com/ncsukpl,https://www.instagram.com/ncsukappas/
Carlo,Kappa Phi Lambda,Sorority,Binghamton University,Binghamton,NY,42.0893,-75.9699,0,n,https://www.bingkappas.com/,https://www.instagram.com/bingkappas/?hl=en
Carlo,Kappa Phi Lambda,Sorority,Syracuse University,Syracuse,NY,43.0392,-76.1351,118,n,https://syracusekpl.weebly.com/,https://www.instagram.com/syracusekpl/?hl=en
Carlo,Kappa Phi Lambda,Sorority,Stony Brook University,Stony Brook,NY,40.9124,-73.1234,0,n,https://www.stonykappas.org/,https://www.instagram.com/stonykappas/?hl=en
Carlo,Kappa Phi Lambda,Sorority,St John's University Queens Campus,Queens,NY,40.7221,-73.7942,0,n,https://zetachapter98.wixsite.com/sjukappas,https://www.instagram.com/sjukappas/
Carlo,Kappa Phi Lambda,Sorority,Cornell University,Ithaca,NY,42.4534,-76.4735,0,n,https://cornellkpl.org/,http://instagram.com/cornellkappas
Carlo,Kappa Phi Lambda,Sorority,Northeastern University,Boston,MA,42.3398,-71.0892,178,n,https://www.neu-kpl.org/,https://www.instagram.com/neukappas/
Carlo,Kappa Phi Lambda,Sorority,The Ohio State University,Columnus,OH,40.0068,-83.0306,122,n,http://osu.kappaphilambda.org/,https://www.instagram.com/osukappas/?hl=en
Carlo,Kappa Phi Lambda,Sorority,University of Connecticut,Storrs-Mansfield,CT,41.8077,-72.254,135,n,https://kpluconn.wixsite.com/sigmachapter,https://www.instagram.com/uconnkpl/
Carlo,Kappa Phi Lambda,Sorority,University at Albany - State University of New York,Albany,NY,42.685,-73.8248,55,n,https://albanykappaphilambda.wixsite.com/upsilonkpl,https://www.instagram.com/albanykpl/?hl=en
Carlo,Kappa Phi Lambda,Sorority,University of Michigan,Ann Arbor,MI,42.278,-83.7382,0,n,https://phikappaphilambda.wixsite.com/umich,0
Carlo,Kappa Phi Lambda,Sorority,"University of Maryland, College Park",College Park,MD,38.9869,-76.9426,0,n,http://www.umcpkappa.com/,https://www.instagram.com/umcpkappas/?hl=en
Carlo,Kappa Phi Lambda,Sorority,University of Illinois at Urbana-Champaign,Naperville,IL,40.102,-88.2272,140,n,https://www.uiuckpl.org/,https://www.instagram.com/uiuckappas/?hl=en
Carlo,Kappa Phi Lambda,Sorority,George Mason University,Fairfax,VA,38.8298,-77.3074,102,n,https://kplgmu.wixsite.com/gmukpl,0
Carlo,Kappa Phi Lambda,Sorority,The University of Texas at Austin,Austin,TX,30.2849,-97.7341,0,y,https://www.kpltexas.com/,https://www.instagram.com/kpltexas/
Carlo,Kappa Phi Lambda,Sorority,Northern Illinois University,DeKalb,IL,41.9342,-88.7741,0,n,0,https://www.instagram.com/niukpl/?hl=en
Carlo,Kappa Phi Lambda,Sorority,University of North Carolina, Chapel Hill,NC,35.9049,-79.0469,69,y,https://unckpl.wixsite.com/unckpl,https://www.instagram.com/unckpl/
Carlo,Kappa Phi Lambda,Sorority,"University of Nevada, Reno",Reno,CA,39.5442,-119.8164,64,n,https://nevadakappas.wixsite.com/home,https://www.instagram.com/nevadakappas/?hl=en
Carlo,Kappa Phi Lambda,Sorority,New York University,New York City,NY,40.7295,-73.9965,152,y,https://www.nyukpl.com/,https://www.instagram.com/nyukappas/
Carlo,Kappa Phi Lambda,Sorority,Carnegie Mellon University,Pittsburgh,PA,40.4427,-79.943,118,y,https://www.cmukpl.com/,https://www.instagram.com/cmukpl/
Carlo,Kappa Phi Lambda,Sorority,University of North Carolina at Charlotte,Charlotte,NC,35.3036,-80.7324,29,y,https://uncckpl.wixsite.com/uncckpl,https://www.instagram.com/uncc_kpl/
Carlo,Kappa Phi Lambda,Sorority,Drexel University,Philadelphia,PA,39.9566,-75.1899,11,n,https://www.kpldrexel.com/,https://www.instagram.com/drexelkappas/
Carlo,Kappa Phi Lambda,Sorority,University of North Carolina at Greensboro,Greensboro,NC,36.0689,-79.8102,0,y,0,https://www.instagram.com/uncgkpl/
Carlo,Kappa Phi Lambda,Sorority,George Washington University,District of Colombia,Washington,38.8997,-77.3074,73,y,https://www.instagram.com/gwukappas/,https://kplgwu.wixsite.com/kplgwu
Carlo,Kappa Phi Lambda,Sorority,Colombia University,New York City,NY,40.8075,-73.9626,137,y,http://columbiakappas.wixsite.com/taukpl,https://www.instagram.com/columbiakappas/?hl=en
Carlo,Kappa Phi Lambda,Sorority,Rutgers University,New Brunswick,NJ,40.5008,-74.4474,225,n,http://rutgerskpl.org/,https://www.instagram.com/rutgerskpl/?hl=en
Carlo,Kappa Phi Lambda,Sorority,University of North Carolina at Charlotte,Charlotte,NC,35.3036,-80.7324,35,n,https://uncckpl.wixsite.com/uncckpl,https://www.instagram.com/uncc_kpl/?hl=en
Carlo,Kappa Phi Lambda,Sorority,Northwestern University,Evanston,IL,42.055984,-87.675171,110,n,https://www.northwestern.edu/fsl/chapters/multicultural-greek-council/kappa-phi-lambda-sorority/index.html,https://www.instagram.com/nu_kappas/
Carlo,Kappa Phi Lambda,Sorority,Baruch College,New York City,NY,40.7404,-73.9832,133,n,https://baruchkpl.wixsite.com/kplbaruch,https://www.instagram.com/baruch_kappas/?hl=en
Carlo,Kappa Pi Beta,Fraternity,University of Illinois at Chicago,Chicago,IL,41.8698,-87.6496,106,n,http://uic.kappapibeta.org/,https://www.instagram.com/kpib_betachapter/?hl=en
Carlo,Kappa Psi,Co-Ed,University of North Texas Health Science Center College of Pharmacy,Fort Worth,TX,32.7501,-97.3689,0,y,https://kappa-psi.com/,0
Carlo,Kappa Psi,Co-Ed,University of Georgia,Duluth,GA,33.948,-83.3773,0,y,https://kappa-psi.com/,0
Carlo,Kappa Sigma,Fraternity,Pratt Institute,Brooklyn,NY,40.6914,-73.963,0,y,https://kappasigma.org/,https://www.instagram.com/Pratt_KappaSigma/
Carlo,Lambda Delta Psi,Sorority,Texas A&M University,College Station,TX,30.6188,-96.3365,140,y,https://www.tamuldpsi.com/,https://www.instagram.com/tamuldpsi/?hl=en
Carlo,Lambda Delta Psi,Sorority,University of Houston,Houston,TX,29.7199,-95.3422,153,y,https://www.houstonldpsi.com/,https://www.instagram.com/houstonldpsi/?hl=en
Carlo,Lambda Delta Psi,Sorority,University of Oklahoma,Norman,OK,35.2059,-97.4457,82,y,https://www.oklahomaldpsi.com/,https://www.instagram.com/ouldpsi/
Carlo,Lambda Delta Psi,Sorority,Texas Tech University,Lubbock,TX,33.5843,-101.8783,77,y,https://www.texastechldpsi.com/,0
Carlo,Lambda Phi Epsilon,Fraternity,University of Oklahoma,Norman,OK,35.2059,-97.4457,0,y,0,https://www.instagram.com/oklahomalambdas/?hl=en
Carlo,Lambda Phi Epsilon,Fraternity,Rochester Institute of Technology,Rochester,NY,43.0845,-77.6749,0,y,0,https://campusgroups.rit.edu/lphie/home/
Carlo,Lambda Phi Epsilon,Fraternity,Florida State University,Tampa,FL,30.4419,-84.2985,0,y,0,https://www.instagram.com/fsulphie/?hl=en
Carlo,Lambda Phi Epsilon,Fraternity,Virginia Polytechnic Institute and State University,Blacksburg,VA,37.2284,-80.4234,61,n,0,https://www.instagram.com/vtlphie/?utm_source=ig_embed&ig_mid=07E3AAA0-4E6D-437A-B04F-382D09EF7349
Carlo,Lambda Phi Epsilon,Fraternity,University at Albany - State University of New York,Albany,NY,42.685,-73.8248,12,n,0,0
Carlo,Lambda Phi Epsilon,Fraternity,North Carolina State University,Raleigh,NC,35.7847,-78.6821,47,n,ncsulphie.org,https://www.instagram.com/ncsulphie/?hl=en
Carlo,Lambda Phi Epsilon,Fraternity,University of North Carolina, Chapel Hill,NC,35.9049,-79.0469,74,y,http://unclambdas.com/,https://www.instagram.com/unclambdas/?hl=en
Carlo,Lambda Phi Epsilon,Fraternity,Virginia Commonwealth University,Richmond,VA,37.5483,-77.4527,0,n,0,https://www.instagram.com/vculphie/?hl=en
Carlo,Lambda Phi Epsilon,Fraternity,Sacramento State University,Sacramento,CA,38.5613,-121.4241,0,n,0,https://www.instagram.com/saclphie/?hl=en
Carlo,Lambda Phi Epsilon,Fraternity,Syracuse University,Syracuse,NY,43.0392,-76.1351,0,y,0,https://www.instagram.com/syracuselambdas/?hl=en
Carlo,Lambda Phi Epsilon,Fraternity,University of Virginia,Charlottesville,VA,38.0336,-78.508,125,y,0,https://www.instagram.com/uvalphie/
Carlo,Lambda Phi Epsilon,Fraternity,The University of Texas at Arlington,Arlington,TX,32.7357,-97.1081,0,y,0,https://www.instagram.com/arlingtonlambdas/?hl=en
Carlo,Lambda Phi Epsilon,Fraternity,Stanford University,Stanford,CA,37.4275,-122.1697,263,y,0,https://www.instagram.com/stanford_lambdas/?hl=en
Carlo,Lambda Phi Epsilon,Fraternity,"University of Maryland, Baltimore County",Baltimore,MD,39.2557,-76.711,0,y,0,https://www.instagram.com/umbclambdas/
Carlo,Lambda Theta Alpha,Sorority,University of Illinois at Chicago,Chicago,IL,41.8698,-87.6496,100,n,https://thetalambdabeta.org/about/,https://www.instagram.com/lta_betaphi/?hl=en
Carlo,Omega Phi Gamma,Fraternity,Texas A&M University,College Station,TX,30.6188,-96.3365,66,y,http://tamuomegas.com/,https://www.instagram.com/tamuomegas/?hl=en
Carlo,Omega Phi Gamma,Fraternity,The University of Texas at Dallas,Dallas,TX,32.9858,-96.7501,44,y,https://www.instagram.com/dallasomegas/?hl=en,0
Carlo,Omega Phi Gamma,Fraternity,University of Houston,Houston,TX,29.7199,-95.3422,0,y,https://www.instagram.com/houstonomegas/,0
Carlo,Phi Delta Alpha,Sorority,University of Oklahoma,Norman,OK,35.2059,-97.4457,177,n,http://www.ou.edu/studentlife/fsps/mgc/chapters/phidee,https://www.instagram.com/ouphidee/
Carlo,Phi Delta Sigma,Sorority,"University of Maryland, College Park",College Park,MD,38.9869,-76.9426,0,y,0,0
Carlo,Pi Alpha Phi,Fraternity,Clemson University,Clemson,SC,34.6834,-82.8374,106,y,https://clemson0.wixsite.com/cupaphi,https://www.instagram.com/cupaphi/?hl=en
Carlo,Pi Alpha Phi,Fraternity,North Carolina State University,Raleigh,NC,35.7847,-78.6821,48,y,https://ncstatepaphi.wordpress.com/brothers/,https://www.instagram.com/ncsupaphi/?hl=en
Carlo,Pi Alpha Phi,Fraternity,Michigan State University,East Lansing,MI,42.7018,-84.4822,136,y,https://www.paphimsu.com/,https://www.instagram.com/msupaphi/?hl=en
Carlo,Pi Alpha Phi,Fraternity,Univeristy of North Carolina,Charlotte,NC,35.3036,-80.7324,63,y,https://sites.google.com/view/unccpaphi,https://www.instagram.com/uncpaphi/?hl=en
Carlo,Pi Alpha Phi,Fraternity,"University of California, Riverside",Riverside,CA,33.9737,-117.3281,0,y,0,0
Carlo,Pi Alpha Phi,Fraternity,University of Iowa,Iowa City,IA,41.6627,-91.5549,51,y,https://uiowapaphi.github.io/Official/,https://www.instagram.com/uiowapaphi/?hl=en
Carlo,Pi Delta Psi,Fraternity,George Mason University,Fairfax,VA,38.8298,-77.3074,45,y,https://gmupideltapsi.wixsite.com/pdpsi/about,https://www.instagram.com/gmu.pdpsi/?hl=en
Carlo,Pi Delta Psi,Fraternity,University of Minnesota,University of Minnesota,MN,44.974,-93.2277,82,y,0,https://www.instagram.com/umnpdpsi/?hl=en
Carlo,Pi Delta Psi,Fraternity,University of Florida,Gainesville,FL,29.6436,-82.3549,163,n,http://www.ufpdpsi.com/about,https://www.instagram.com/ufpdpsi/?hl=en
Carlo,Pi Delta Psi,Fraternity,University of Central Florida,Orlando,FL,28.6024,-81.2001,118,n,0,https://www.instagram.com/pdpsi.ucf/?hl=en
Carlo,Pi Delta Psi,Fraternity,University of Massachusetts Amherst,Amherst,MA,42.3868,-72.5301,190,y,https://www.umasspdpsi.org/,https://www.instagram.com/umasspideltapsi/?hl=en
Carlo,Rho Delta Chi,Sorority,Texas A&M University,College Station,TX,30.6188,-96.3365,225,y,https://www.rhodeltachitamu.com/,https://www.instagram.com/tamurhos/?hl=en
Carlo,Rho Delta Chi,Sorority,University of the Pacific,Stockton,CA,37.9799,-121.3129,80,y,https://uoprhodeltachi.wixsite.com/rdcdeltachapter,https://www.instagram.com/pacificrhodeltachi/?hl=en
Carlo,Rho Delta Chi,Sorority,The University of Texas at San Antonio,San Antonio,TX,29.5827,-98.6189,35,y,0,https://www.instagram.com/sanantoniorhos/
Carlo,Rho Delta Chi,Sorority,"California State University, Northridge",Los Angeles,CA,34.241,-118.5277,28,y,https://rhodeltachi.weebly.com/,https://www.instagram.com/northridgerhos/?hl=en
Carlo,Rho Delta Chi,Sorority,San Francisco State University,San Francisco,CA,37.7241,-122.4799,0,y,http://sfsurhodeltachi.wixsite.com/home,https://www.instagram.com/sfrhodeltachi/?hl=en
Carlo,Sigma Omicron Pi,Sorority,University of California Santa Cruz,Santa Cruz,CA,36.9881,-122.0582,0,y,0,https://www.instagram.com/ucsc_sopi/?hl=en
Carlo,Sigma Omicron Pi,Sorority,"University of California, Berkeley",Berkeley,CA,37.8719,-122.2585,0,n,https://www.ocf.berkeley.edu/~sopi/index.html,https://www.instagram.com/berkeleysopi/?hl=en
Carlo,Sigma Omicron Pi,Sorority,San Francisco State University,San Francisco,CA,37.7241,-122.4799,0,n,https://betasigmaomicronpi.wixsite.com/betachapter,https://www.instagram.com/sfsopi/?hl=en
Carlo,Sigma Omicron Pi,Sorority,San José State University,San José,CA,37.3352,-121.8811,0,y,0,https://www.instagram.com/sjsopi/?hl=en
Carlo,Sigma Omicron Pi,Sorority,"University of California, Davis",Davis,CA,38.5382,-121.7617,0,n,0,https://www.instagram.com/davissopi/?hl=en
Carlo,Sigma Omicron Pi,Sorority,"California State University, Sacramento",Sacramento,CA,38.5613,-121.4241,0,n,https://sacstate-sopi.wixsite.com/epsilon,https://www.instagram.com/sacsopi/
Carlo,Sigma Omicron Pi,Sorority,"University of California, Irvine",Irvine,CA,33.6405,-117.8443,0,n,https://irvinesopi.wixsite.com/home,https://www.instagram.com/ucisopi/?hl=en
Carlo,Sigma Omicron Pi,Sorority,"University of California, San Diego",35,CA,32.8801,-117.234,0,n,0,https://www.instagram.com/jhusopi/?hl=en
Carlo,Sigma Omicron Pi,Sorority,John Hopkins University,Baltimore,MD,39.3299,-76.6205,0,n,0,https://www.instagram.com/jhusopi/?hl=en
Carlo,Sigma Omicron Pi,Sorority,Binghamton University,Binghamton,NY,42.0893,-75.9699,0,n,0,https://www.instagram.com/bingsopi/?hl=en
Carlo,Sigma Omicron Pi,Sorority,Pennsylvania State University,Centre County,PA,40.7982,-77.8599,149,n,0,https://www.instagram.com/psusopi/?hl=en
Carlo,Sigma Phi Omega,Sorority,Texas A&M University,College Station,TX,30.6188,-96.3365,134,y,https://www.aggiesigmas.org/,https://www.instagram.com/aggiesigmas/?hl=en
Carlo,Sigma Phi Omega,Sorority,University of Houston,Houston,TX,29.7199,-95.3422,302,y,https://www.houstonsigmas.com/recruitment,0
Carlo,Sigma Phi Omega,Sorority,"University of California, Berkeley",Berkeley,CA,37.8719,-122.2585,0,n,0,https://www.instagram.com/berkeleysigmas/?hl=en
Carlo,Sigma Phi Omega,Sorority,University of South California,Los Angeles,CA,34.0224,-118.2851,0,n,http://www.uscsigmas.org/,https://www.instagram.com/uscsigmas/
Carlo,Sigma Phi Omega,Sorority,California State University,Long Beach,CA,33.7838,-118.1141,0,n,https://lbsigmas.wixsite.com/lbsigmas/m-e-m-b-e-r-s,https://www.instagram.com/lbsigmas/
Carlo,Sigma Phi Omega,Sorority,San Diego State University,San Diego,CA,32.776,-117.0713,0,y,https://sdsusigmas.wixsite.com/website,https://www.instagram.com/sdsigmas/?hl=en
Carlo,Sigma Phi Omega,Sorority,The University of Texas at Austin,Austin,TX,30.2849,-97.7341,527,y,https://www.texassigmas.com/,https://www.instagram.com/texassigmas/?hl=en
Carlo,Sigma Psi Zeta,Sorority,University of Nebraska,Lincoln,NE,40.8202,-96.7005,106,y,https://syzxi.weebly.com/,https://www.instagram.com/unlsyz/?hl=en
Carlo,Sigma Psi Zeta,Sorority,University of Virginia,Charlottesville,VA,38.0336,-78.508,102,y,https://uvasigmas.org/,https://www.instagram.com/uvasigmas/?hl=en
Carlo,Sigma Psi Zeta,Sorority,Stevens Institute of Technology,Hoboken,NJ,40.7451,-74.0248,14,n,0,https://www.instagram.com/stevenssyz/
Carlo,Sigma Psi Zeta,Sorority,Rochester Institute of Technology,Rochester,NY,43.0845,-77.6749,29,y,https://syzrit.weebly.com/,https://www.instagram.com/ritsigmas/?hl=en
Carlo,Sigma Psi Zeta,Sorority,"University of California, Berkeley",Berkeley,CA,37.8719,-122.2585,58,y,http://berkeleysyz.weebly.com/,https://www.instagram.com/berkeley.syz/?hl=en
Carlo,Sigma Psi Zeta,Sorority,Villanova University,Villanova,PA,40.0379,-75.3433,47,n,0,https://www.instagram.com/villanovasigmas/?hl=en
Carlo,Sigma Psi Zeta,Sorority,Indiana University–Purdue University Indianapolis,Indianapolis,IL,39.7743,-86.1764,23,n,https://www.iupuisyz.com/,https://www.instagram.com/iupuisyz/?hl=en
Carlo,Sigma Psi Zeta,Sorority,University of Kansas,Lawrence,KS,38.9543,-95.2558,52,y,https://kusigmapsizeta.wixsite.com/syz-alphamu,https://www.instagram.com/kusigmapsizeta/?hl=en
Carlo,Sigma Psi Zeta,Sorority,University of Colorado,Boulder,CO,40.0076,-105.2659,100,n,https://phichaptersyz.wixsite.com/sigmapsizeta,https://www.instagram.com/phisyz/?hl=en
Carlo,Sigma Psi Zeta,Sorority,University of Washington,Seattle,WA,47.655548,-122.3032,185,n,http://www.uwsyz.com/,https://www.instagram.com/uwsyz/?hl=en
Carlo,Sigma Psi Zeta,Sorority,University at Albany - State University of New York,Albany,NY,42.685,-73.8248,120,y,https://syzalpha.wixsite.com/alphachapter,https://www.instagram.com/syzalpha/
Carlo,Sigma Psi Zeta,Sorority,University at Buffalo,Buffalo,NY,43.0008,-78.789,0,y,https://sigmapsizeta.wixsite.com/deltachapter,https://www.instagram.com/buffalosigmas/
Carlo,Sigma Psi Zeta,Sorority,Stony Brook University,Stony Brook,NY,40.9124,-73.1234,0,n,https://www.etasigmas.com/,https://www.instagram.com/stonysigmas/
Carlo,Sigma Psi Zeta,Sorority,Drexel University,Philadelphia,PA,39.9566,-75.1899,0,y,http://drexelsigmas.wixsite.com/nuchapter,https://www.instagram.com/drexelsigmas/
Carlo,Sigma Psi Zeta,Sorority,Stanford University,Stanford,CA,37.4275,-122.1697,0,n,https://stanfordsyz.weebly.com/,https://www.instagram.com/stanfordsyz/?hl=en
Carlo,Sigma Psi Zeta,Sorority,George Washington University,District of Colombia,Washington,38.8997,-77.3074,123,y,http://syzpichapter.org/#home,https://www.instagram.com/gwsigmapsizeta/
Carlo,Sigma Psi Zeta,Sorority,"University of Maryland, College Park",College Park,MD,38.9869,-76.9426,197,n,https://www.umcpsigmas.com/,https://www.instagram.com/umcpsigmas/?hl=en
Carlo,Sigma Psi Zeta,Sorority,University of Pennsylvania,Philadelphia,PA,39.9522,-75.1932°,196,n,https://www.upennsigmas.org/,https://www.instagram.com/upennsigmas/
Carlo,Sigma Psi Zeta,Sorority,Northwestern University,Evanston,IL,42.055984,-87.675171,74,n,https://nusigmas.wixsite.com/alphabeta,https://www.instagram.com/nusigmas/
Carlo,Sigma Psi Zeta,Sorority,Binghamton University,Binghamton,NY,42.0893,-75.9699,134,n,https://syzbeta.wixsite.com/bingsigmas,0
Carlo,Sigma Psi Zeta,Sorority,Virginia Polytechnic Institute and State University,Blacksburg,VA,37.2284,-80.4234,69,n,http://www.sigmapsizeta.org.vt.edu/,https://www.instagram.com/vtechsyz/
Carlo,Sigma Psi Zeta,Sorority,Rutgers University,New Brunswick,NJ,40.5008,-74.4474,44,n,https://sigmasru.wixsite.com/alphadelta,https://www.instagram.com/rutgerssyz/
Carlo,Sigma Psi Zeta,Sorority,University of the Sciences,Philadelphia,PA,39.9469,-75.2071,0,y,https://syzalphazeta.wordpress.com/,https://www.instagram.com/uscisigmas/
Carlo,Sigma Psi Zeta,Sorority,University of Minnesota - Twin Cities,Minneapolis,MN,44.974,-93.2277,0,n,0,https://www.instagram.com/umnsyz/?hl=en
Carlo,Sigma Psi Zeta,Sorority,Rochester Institute of Technology,Rochester,NY,43.0845,-77.6749,9,n,https://syzrit.weebly.com/,0
Carlo,Sigma Psi Zeta,Sorority,Syracuse University,Syracuse,NY,43.0392,-76.1351,16,n,https://syzalphaxi.wixsite.com/syracuse,https://www.instagram.com/syracusesyz/
Carlo,Sigma Psi Zeta,Sorority,Indiana University–Purdue University Indianapolis,Indianapolis,IL,39.7743,-86.1764,0,y,0,https://www.instagram.com/iupuisyz/
Carlo,Sigma Psi Zeta,Sorority,University of Wisconsin-Madison,Madison,WI,43.0766,-89.4125,0,n,0,https://www.instagram.com/madisonsyz/
Carlo,Sigma Psi Zeta,Sorority,Stevens Institute of Technology,Hoboken,NJ,40.7451,-74.0248,0,n,0,https://www.instagram.com/stevenssyz/